cat,cat_median,cat_p95
entertainment,50.85,182.91149999999993
food_dining,41.98,143.61
gas_transport,62.86,90.79
grocery_net,50.93,96.04149999999994
grocery_pos,105.04,214.85
health_fitness,42.79,146.96
home,48.27,150.20049999999986
kids_pets,47.13,153.71
misc_net,9.87,377.35399999999964
misc_pos,13.98,283.04
personal_care,32.72,144.68
shopping_net,8.43,437.68849999999946
shopping_pos,7.76,350.97699999999986
travel,6.24,523.6
